Counter,Date/time,Latitude,Longitude,Temperature,Humidity,Pressure,Magnetic Field,Acceleration,Orientation,Image file,Image type,sunlight
1,2022-04-24 16:51:32.334207,-28.18078092437953,-19.13642307280746,27.1841,50.6881,1009.2869,"-2.731475830078125,-1.27488374710083,-3.0332093238830566","0.01634800061583519,-0.007075999863445759,-0.007319999858736992","302.675588333917,209.3703821579888,174.9109540017849",/home/pi/msl/weeagles/photo_001.jpg,day,Yes
2,2022-04-24 16:52:21.764885,-30.581066334553093,-16.58331086345548,27.3874,50.9823,1009.2913,"-8.071870803833008,-3.996786594390869,-9.82984447479248","0.01659199967980385,-0.006831999868154526,-0.006831999868154526","302.50051009492205,201.55675503052092,179.99560636713085",/home/pi/msl/weeagles/photo_002.jpg,day,Yes
3,2022-04-24 16:53:10.142119,-32.72617916440634,-14.1224302361226,27.2354,50.6881,1009.3413,"-10.762518882751465,-5.42315149307251,-13.286458015441895","0.017324000597000122,-0.00634399987757206,-0.008539999835193157","298.1891307662699,219.98972805309282,167.17453533269486",/home/pi/msl/weeagles/photo_003.jpg,day,Yes
4,2022-04-24 16:53:58.929906,-34.81060494480334,-11.534031877488403,27.5356,50.6544,1009.3203,"-11.847328186035156,-6.440615177154541,-15.614617347717285","0.017079999670386314,-0.0058559998869895935,-0.007319999858736992","296.07928533165295,208.5694195343997,176.87729716193985",/home/pi/msl/weeagles/photo_004.jpg,day,Yes
5,2022-04-24 16:54:47.746543,-36.84744608706526,-8.775484726302759,27.5004,50.6421,1009.3032,"-12.03276252746582,-6.931760787963867,-16.364459991455078","0.01634800061583519,-0.004391999915242195,-0.00634399987757206","295.6485940931595,216.16338777815997,173.661930968643",/home/pi/msl/weeagles/photo_005.jpg,day,Yes
6,2022-04-24 16:55:35.986850,-38.794053213441316,-5.877613656570241,27.434,50.5747,1009.3386,"-11.978717803955078,-7.504687786102295,-16.65272331237793","0.018055999651551247,-0.006831999868154526,-0.007075999863445759","293.7000572361707,221.33369071569788,164.24628297134865",/home/pi/msl/weeagles/photo_006.jpg,day,Yes
7,2022-04-24 16:56:24.187988,-40.639681679609645,-2.8345427978656246,27.7701,50.7095,1009.3606,"-11.67514419555664,-7.710786819458008,-16.86314582824707","0.01878799870610237,-0.007075999863445759,-0.004147999919950962","287.9337929727925,225.50999622332384,163.22335286011253",/home/pi/msl/weeagles/photo_007.jpg,day,Yes
8,2022-04-24 16:57:12.583889,-42.39662791611631,0.4024878588119119,27.3999,50.7892,1009.3813,"-11.570923805236816,-7.675771236419678,-16.975576400756836","0.015859998762607574,-0.004879999905824661,-0.008295999839901924","288.463754180683,227.2626500851058,158.86981760390307",/home/pi/msl/weeagles/photo_008.jpg,day,Yes
9,2022-04-24 16:58:00.754867,-44.033983106124374,3.8073637772165987,27.2991,50.4337,1009.3765,"-11.635634422302246,-7.820459365844727,-17.15965461730957","0.014883999712765217,-0.005367999896407127,-0.008051999844610691","286.7332574525686,210.9361347233225,175.4902633264287",/home/pi/msl/weeagles/photo_009.jpg,day,Yes
10,2022-04-24 16:58:49.131831,-45.55731709424073,7.424357169979476,27.6959,50.731,1009.4072,"-11.68443775177002,-8.106470108032227,-17.103910446166992","0.017324000597000122,-0.004879999905824661,-0.00951599981635809","282.5421714155787,204.93924229242964,180.46828642091808",/home/pi/msl/weeagles/photo_010.jpg,day,Yes
11,2022-04-24 16:59:37.627837,-46.95058859178969,11.257196601788724,27.3927,50.59,1009.4048,"-11.089300155639648,-8.269554138183594,-17.509517669677734","0.015615999698638916,-0.004879999905824661,-0.008295999839901924","282.5547457938407,205.5486044494215,174.69175957094083",/home/pi/msl/weeagles/photo_011.jpg,twilight,Yes
12,2022-04-24 17:00:25.810603,-48.17644357984287,15.229580010204963,27.6333,50.3907,1009.4307,"-11.448541641235352,-8.606472969055176,-17.692001342773438","0.017079999670386314,-0.007075999863445759,-0.010003999806940556","280.8689731444115,210.94670785615767,172.52004628282194",/home/pi/msl/weeagles/photo_012.jpg,twilight,Yes
13,2022-04-24 17:01:13.677369,-49.25182078259931,19.4263774092801,27.7168,50.5839,1009.4446,"-11.727147102355957,-9.16895580291748,-17.95572853088379","0.017079999670386314,-0.006099999882280827,-0.006099999882280827","281.0432864022194,239.57834176247422,140.4057672206076",/home/pi/msl/weeagles/photo_013.jpg,twilight,Yes
14,2022-04-24 17:02:01.387347,-50.1479722978382,23.775090556655,27.7014,50.5685,1009.415,"-12.26190185546875,-9.500615119934082,-18.439756393432617","0.017079999670386314,-0.0058559998869895935,-0.00634399987757206","283.28468811043996,236.72906004831168,143.75572912168874",/home/pi/msl/weeagles/photo_014.jpg,night,Yes
15,2022-04-24 17:02:52.561699,-50.896979401860975,28.557196314884976,27.9738,50.5624,1009.439,"-12.518645286560059,-9.94002628326416,-18.88165283203125","0.016103999689221382,-0.0056119998916983604,-0.00634399987757206","279.14372200157965,208.21172252756617,173.21407546476527",/home/pi/msl/weeagles/photo_015.jpg,night,Yes
16,2022-04-24 17:03:43.110117,-51.42678297495046,33.48333221739776,27.8332,50.5961,1009.4067,"-12.841078758239746,-10.521394729614258,-19.65035057067871","0.01756799966096878,-0.005123999901115894,-0.005367999896407127","277.3722987799585,174.89331845334792,204.79636839537133",/home/pi/msl/weeagles/photo_016.jpg,night,No
17,2022-04-24 17:04:33.559360,-51.72577890326725,38.46641142404507,27.6949,50.4122,1009.4043,"-13.268378257751465,-11.270575523376465,-20.776798248291016","0.01756799966096878,-0.006099999882280827,-0.007075999863445759","274.8069275390259,166.64456729461523,209.66787787747785",/home/pi/msl/weeagles/photo_017.jpg,night,No
18,2022-04-24 17:05:24.002131,-51.79330611560135,43.48641913468235,27.6041,50.4183,1009.4128,"-13.602863311767578,-11.716551780700684,-21.80942153930664","0.019519999623298645,-0.005123999901115894,-0.008295999839901924","282.1002991574139,157.3036415668408,224.7421736775877",/home/pi/msl/weeagles/photo_018.jpg,night,No
19,2022-04-24 17:06:14.778813,-51.62867522905376,48.49302188702016,27.4431,50.4858,1009.3992,"-13.887472152709961,-12.236449241638184,-23.126619338989258","0.01781199872493744,-0.005123999901115894,-0.008539999835193157","280.8559616340426,145.4111893915814,240.64956131114235",/home/pi/msl/weeagles/photo_019.jpg,night,No
20,2022-04-24 17:07:05.199122,-51.2315919167489,53.46867052800817,27.8119,50.7341,1009.4031,"-14.364112854003906,-12.683135986328125,-24.652244567871094","0.01634800061583519,-0.006099999882280827,-0.00878399983048439","282.28544509524545,131.7264136158406,253.03442914442462",/home/pi/msl/weeagles/photo_020.jpg,night,No
21,2022-04-24 17:07:55.983223,-50.61381849467114,58.30285345810205,27.4898,50.6114,1009.4314,"-14.36780834197998,-13.303525924682617,-25.868154525756836","0.017079999670386314,-0.00634399987757206,-0.009271999821066856","278.9807195370373,133.02025635031612,252.79486025928645",/home/pi/msl/weeagles/photo_021.jpg,night,No
22,2022-04-24 17:08:46.749870,-49.77208269715807,63.04395454901988,27.784,50.3601,1009.3848,"-14.184510231018066,-13.587950706481934,-27.27297019958496","0.01781199872493744,-0.0058559998869895935,-0.007319999858736992","280.4873977962396,143.76948512267714,245.4623379965759",/home/pi/msl/weeagles/photo_022.jpg,night,No
23,2022-04-24 17:09:37.555717,-48.73267033033086,67.5723408968237,27.6314,50.3785,1009.4431,"-13.984068870544434,-13.890705108642578,-28.460866928100586","0.017079999670386314,-0.005367999896407127,-0.008051999844610691","283.3866560045591,144.71740609644817,249.47611232271225",/home/pi/msl/weeagles/photo_023.jpg,night,No
24,2022-04-24 17:10:28.009580,-47.51567141734365,71.86381333278658,27.6659,50.2559,1009.4158,"-13.833314895629883,-14.505407333374023,-29.978397369384766","0.018055999651551247,-0.006831999868154526,-0.008051999844610691","280.72433022835816,181.42184913094357,209.98564559842353",/home/pi/msl/weeagles/photo_024.jpg,night,No
25,2022-04-24 17:11:18.769452,-46.12161268918834,75.9618008580216,27.4908,50.5256,1009.4182,"-13.156180381774902,-15.088360786437988,-31.871767044067383","0.017324000597000122,-0.007075999863445759,-0.009271999821066856","278.52701056104087,218.10995071047859,174.94156690964488",/home/pi/msl/weeagles/photo_025.jpg,night,No
26,2022-04-24 17:12:09.216405,-44.582695678743995,79.81465961128643,27.5838,52.4015,1009.3494,"-12.11885929107666,-15.481618881225586,-33.18989562988281","0.01634800061583519,-0.0056119998916983604,-0.005367999896407127","282.93980453848934,213.44289611098722,179.71428453559636",/home/pi/msl/weeagles/photo_026.jpg,night,No
27,2022-04-24 17:12:59.654023,-42.90458847376571,83.45411136008448,27.313,50.495,1009.3347,"-11.065742492675781,-16.195514678955078,-34.410614013671875","0.015371999703347683,-0.006099999882280827,-0.008051999844610691","285.2815348954282,234.0369136661945,159.4110554541132",/home/pi/msl/weeagles/photo_027.jpg,night,No
28,2022-04-24 17:13:50.812665,-41.092568680679605,86.90324447388754,27.8569,50.4796,1009.4116,"-9.819368362426758,-16.887487411499023,-36.20292282104492","0.015371999703347683,-0.004391999915242195,-0.007807999849319458","287.478151053261,238.39091337526747,151.29849826743057",/home/pi/msl/weeagles/photo_028.jpg,night,No
29,2022-04-24 17:14:41.603951,-39.169476455828296,90.15220538029061,27.4969,50.6881,1009.3801,"-8.487401008605957,-17.34447479248047,-37.44697952270508","0.01781199872493744,-0.008539999835193157,-0.007807999849319458","284.8000133891315,240.30705464502287,147.621698154186",/home/pi/msl/weeagles/photo_029.jpg,night,No
30,2022-04-24 17:15:32.072181,-37.14759673752361,93.21495318672332,27.772,50.6237,1009.282,"-7.091429233551025,-17.489614486694336,-38.42070007324219","0.015371999703347683,-0.0058559998869895935,-0.006831999868154526","280.3533006922647,244.35627765295158,142.78765908986614",/home/pi/msl/weeagles/photo_030.jpg,night,No
31,2022-04-24 17:16:22.883294,-35.038978778604566,96.10524239373626,27.5616,50.7616,1009.2632,"-5.396401882171631,-17.411943435668945,-39.26385498046875","0.014883999712765217,-0.004635999910533428,-0.006587999872863293","279.4015138314234,233.76753100532918,155.3132971219424",/home/pi/msl/weeagles/photo_031.jpg,night,No
32,2022-04-24 17:17:13.647381,-32.86995423960123,98.81909510378681,27.6454,50.7187,1009.2825,"-3.4383914470672607,-17.428861618041992,-38.54556655883789","0.016835998743772507,-0.005367999896407127,-0.007075999863445759","279.04874139098143,221.99478472546343,166.42380192026206",/home/pi/msl/weeagles/photo_032.jpg,night,No
33,2022-04-24 17:18:04.093023,-30.619370807841356,101.40965966743644,27.469,50.9057,1009.27,"-1.5318305492401123,-17.540454864501953,-38.3182373046875","0.016835998743772507,-0.006587999872863293,-0.007319999858736992","278.78981574973545,205.71381306506578,181.1402267710856",/home/pi/msl/weeagles/photo_033.jpg,night,No
34,2022-04-24 17:18:54.612437,-28.323082438122302,103.85915771419701,27.5521,50.8229,1009.2764,"0.5968747735023499,-17.359394073486328,-38.52938461303711","0.01659199967980385,-0.0058559998869895935,-0.006099999882280827","279.3671443195199,192.86390497195399,185.9941553462685",/home/pi/msl/weeagles/photo_034.jpg,night,No
35,2022-04-24 17:19:45.040736,-25.978329787573717,106.19393779763318,27.6915,50.7923,1009.2773,"2.8076415061950684,-17.20372772216797,-38.11967849731445","0.01512799970805645,-0.0058559998869895935,-0.008539999835193157","278.0543751308543,195.76569718045556,187.1862146017325",/home/pi/msl/weeagles/photo_035.jpg,night,No
36,2022-04-24 17:20:35.529905,-23.589185206348446,108.42964728226255,27.5769,50.826,1009.2827,"4.693041801452637,-17.361684799194336,-37.158790588378906","0.015859998762607574,-0.004147999919950962,-0.008539999835193157","284.10695409405025,194.95961191498898,189.45303144385468",/home/pi/msl/weeagles/photo_036.jpg,night,No
37,2022-04-24 17:21:26.336349,-21.160295614808156,110.57952693407528,27.3905,50.7065,1009.2715,"6.567192077636719,-17.442916870117188,-36.347694396972656","0.01781199872493744,-0.006587999872863293,-0.006831999868154526","282.8759490999389,206.6038413554318,178.87291451287751",/home/pi/msl/weeagles/photo_037.jpg,night,No
38,2022-04-24 17:22:16.806223,-18.681415318972793,112.66769328433453,27.1302,50.7463,1009.2629,"8.517998695373535,-17.271818161010742,-35.21414566040039","0.01756799966096878,-0.006587999872863293,-0.007563999854028225","282.907449932391,221.88007852854224,165.22138809801635",/home/pi/msl/weeagles/photo_038.jpg,night,No
39,2022-04-24 17:23:07.903499,-16.174002358624595,114.69014487360322,27.4773,50.7708,1009.2991,"10.397514343261719,-17.26581573486328,-33.28218460083008","0.01659199967980385,-0.0058559998869895935,-0.00878399983048439","286.7895040603836,205.97927519734748,180.1411613408095",/home/pi/msl/weeagles/photo_039.jpg,night,No
40,2022-04-24 17:23:58.321956,-13.64934599307635,116.65208362608551,27.257,50.6942,1009.2793,"12.038756370544434,-17.23532485961914,-31.15965461730957","0.016835998743772507,-0.005367999896407127,-0.007075999863445759","285.7811495728363,218.0834359161206,168.76181665429246",/home/pi/msl/weeagles/photo_040.jpg,night,No
41,2022-04-24 17:24:49.080093,-11.118770259174596,118.55844056331888,27.6665,50.8199,1009.3108,"13.508556365966797,-17.40840721130371,-29.32451820373535","0.01512799970805645,-0.004391999915242195,-0.006099999882280827","284.2508935006191,221.13325198431468,165.95527826395588",/home/pi/msl/weeagles/photo_041.jpg,night,No
42,2022-04-24 17:25:39.874579,-8.536061726837762,120.45555723111458,27.4873,50.4888,1009.311,"15.02141284942627,-17.403919219970703,-26.9744930267334","0.016103999689221382,-0.0058559998869895935,-0.007563999854028225","287.59576008057945,215.00457788357562,166.05837313928805",/home/pi/msl/weeagles/photo_042.jpg,night,No
43,2022-04-24 17:26:30.661755,-5.958434993810224,122.3125518542565,27.388,50.7586,1009.335,"16.242229461669922,-17.373151779174805,-24.586515426635742","0.015371999703347683,-0.003903999924659729,-0.007807999849319458","285.89298709030606,209.89081525198708,176.4985495120843",/home/pi/msl/weeagles/photo_043.jpg,night,No
44,2022-04-24 17:27:21.188387,-3.391320128457708,124.13733691524716,27.6758,50.7647,1009.3516,"17.469287872314453,-17.37184715270996,-22.061952590942383","0.01659199967980385,-0.007319999858736992,-0.00634399987757206","286.52031947500427,212.68042843356037,171.9805296402826",/home/pi/msl/weeagles/photo_044.jpg,night,No
45,2022-04-24 17:28:12.268855,-0.8006453597423445,125.96494664107705,27.2968,50.9057,1009.354,"18.144634246826172,-17.172252655029297,-19.39190101623535","0.014883999712765217,-0.004879999905824661,-0.008539999835193157","286.15574446767647,215.8652090397539,172.5762450793128",/home/pi/msl/weeagles/photo_045.jpg,night,No
46,2022-04-24 17:29:02.730068,1.7933953267259601,127.79166395154903,27.4502,50.8199,1009.3176,"18.816608428955078,-16.94621467590332,-16.329715728759766","0.01512799970805645,-0.003659999929368496,-0.007807999849319458","286.3931755036044,214.1830154094498,173.8318524148146",/home/pi/msl/weeagles/photo_046.jpg,night,No
47,2022-04-24 17:29:53.128202,4.362559203881082,129.60816215322552,27.2214,50.8383,1009.2861,"19.3210506439209,-16.77556800842285,-12.970746040344238","0.01781199872493744,-0.007563999854028225,-0.008295999839901924","293.05250749152935,207.98550666225532,178.2938783958005",/home/pi/msl/weeagles/photo_047.jpg,night,No
48,2022-04-24 17:30:43.599515,6.928715224771846,131.44038271767263,27.351,50.872,1009.262,"19.65869140625,-16.738487243652344,-10.066695213317871","0.015371999703347683,-0.004147999919950962,-0.006831999868154526","290.8071169528335,206.60720180850345,178.8019215266444",/home/pi/msl/weeagles/photo_048.jpg,night,No
49,2022-04-24 17:31:34.408230,9.505651603810607,133.30933603220498,27.3847,50.8812,1009.228,"19.70633316040039,-16.667234420776367,-7.823986053466797","0.017324000597000122,-0.005123999901115894,-0.007319999858736992","287.8751011572546,206.17808834370823,178.1852783879973",/home/pi/msl/weeagles/photo_049.jpg,night,No
50,2022-04-24 17:32:24.788744,12.049489698471936,135.19441000717785,27.0934,50.967,1009.2803,"20.25105094909668,-16.62644386291504,-5.176018238067627","0.018300000578165054,-0.006831999868154526,-0.008051999844610691","288.8134257152418,185.1611864562288,203.20598616789053",/home/pi/msl/weeagles/photo_050.jpg,night,No
51,2022-04-24 17:33:15.228251,14.577128469961426,137.11934907588005,27.4699,50.7524,1009.2593,"20.345529556274414,-16.452930450439453,-2.4485514163970947","0.01756799966096878,-0.004635999910533428,-0.007807999849319458","291.18955290484087,192.97057886641124,201.43812830501614",/home/pi/msl/weeagles/photo_051.jpg,night,No
52,2022-04-24 17:34:06.025627,17.08507149921021,139.0938711644166,27.5303,50.9333,1009.2688,"20.210342407226562,-16.059946060180664,0.037553515285253525","0.016835998743772507,-0.0058559998869895935,-0.007807999849319458","293.72948169111515,183.65403691397375,211.06980152537966",/home/pi/msl/weeagles/photo_052.jpg,night,No
53,2022-04-24 17:34:56.464710,19.58593740339533,141.14201126100076,27.3714,50.7678,1009.2917,"20.02766990661621,-15.678156852722168,2.241682529449463","0.018300000578165054,-0.005123999901115894,-0.008295999839901924","294.84283667677306,179.629221359673,219.78693973663513",/home/pi/msl/weeagles/photo_053.jpg,night,No
54,2022-04-24 17:35:46.903713,22.04026504662557,143.24580415168353,27.2342,50.9088,1009.2588,"19.547760009765625,-15.28494644165039,4.391734600067139","0.01634800061583519,-0.00634399987757206,-0.008295999839901924","296.2795737988744,172.41934197369926,227.77525578231524",/home/pi/msl/weeagles/photo_054.jpg,night,No
55,2022-04-24 17:36:37.696439,24.46109964180995,145.4310245703544,27.4647,50.8015,1009.3123,"18.866287231445312,-14.98110294342041,6.71359920501709","0.01878799870610237,-0.007319999858736992,-0.006831999868154526","297.2194214890465,184.6691806095561,225.57642664319138",/home/pi/msl/weeagles/photo_055.jpg,night,No
56,2022-04-24 17:37:28.502543,26.857294399598477,147.72395634643075,27.3647,50.9149,1009.3169,"18.273853302001953,-14.892212867736816,9.265181541442871","0.016103999689221382,-0.004635999910533428,-0.009027999825775623","301.5102829294319,186.2759552910449,228.98714990712895",/home/pi/msl/weeagles/photo_056.jpg,night,No
57,2022-04-24 17:38:19.271168,29.221610840660517,150.13939965126724,27.2852,50.7402,1009.3276,"18.09882354736328,-14.835283279418945,10.768263816833496","0.01659199967980385,-0.004391999915242195,-0.007807999849319458","303.65249663052555,178.21259914467737,237.71852223261476",/home/pi/msl/weeagles/photo_057.jpg,night,No
58,2022-04-24 17:39:10.067657,31.516102576415665,152.65955997344838,27.4856,52.3464,1009.3457,"17.847026824951172,-14.355588912963867,12.714794158935547","0.014883999712765217,-0.003903999924659729,-0.008295999839901924","302.9560017502919,187.6061073111482,238.5507124810891",/home/pi/msl/weeagles/photo_058.jpg,night,Yes
59,2022-04-24 17:40:00.664794,33.73586332756108,155.2985757225245,27.3979,50.7892,1009.2559,"17.091157913208008,-14.471689224243164,14.705470085144043","0.014639999717473984,-0.005123999901115894,-0.009759999811649323","304.4447610082066,183.01083799983365,239.72829173551267",/home/pi/msl/weeagles/photo_059.jpg,twilight,Yes
60,2022-04-24 17:40:48.470732,35.77403761561115,157.93429359662215,27.3719,50.8168,1009.2688,"16.33207130432129,-14.006265640258789,16.380996704101562","0.018055999651551247,-0.006587999872863293,-0.007075999863445759","299.96323142204574,193.986624146964,239.22207909536633",/home/pi/msl/weeagles/photo_060.jpg,twilight,Yes
61,2022-04-24 17:41:36.543950,37.74030359552153,160.7140133019382,27.405,50.8904,1009.2866,"15.620068550109863,-13.562663078308105,18.011180877685547","0.017324000597000122,-0.006099999882280827,-0.007075999863445759","298.16996525545886,197.6897068281348,241.96355310366937",/home/pi/msl/weeagles/photo_061.jpg,night,Yes
62,2022-04-24 17:42:27.376588,39.744836353669314,163.84616413568367,27.2671,50.7862,1009.2861,"15.016240119934082,-13.86380672454834,19.466632843017578","0.018055999651551247,-0.007075999863445759,-0.00634399987757206","293.59429858706227,203.02064215457307,243.63458620486966",/home/pi/msl/weeagles/photo_062.jpg,night,Yes
63,2022-04-24 17:43:17.851477,41.64562518317973,167.16996084571028,27.0491,50.8475,1009.272,"14.502557754516602,-13.364142417907715,20.94832420349121","0.01512799970805645,-0.003903999924659729,-0.007075999863445759","295.73269421240985,203.94846871180593,245.01022728484526",/home/pi/msl/weeagles/photo_063.jpg,night,Yes
64,2022-04-24 17:44:08.798756,43.431198850157585,170.7016326050967,27.2039,50.8475,1009.3445,"13.73315143585205,-13.171202659606934,21.73125457763672","0.017079999670386314,-0.007563999854028225,-0.011467999778687954","296.99308268033064,208.921078654007,231.58061371611782",/home/pi/msl/weeagles/photo_064.jpg,night,Yes
65,2022-04-24 17:44:59.444352,45.07969095729311,174.4341773179084,27.3948,50.8812,1009.3118,"13.297296524047852,-12.92111873626709,22.832799911499023","0.01903199963271618,-0.006587999872863293,-0.006099999882280827","298.1580738961139,214.49008705415523,229.37227695366929",/home/pi/msl/weeagles/photo_065.jpg,day,Yes
66,2022-04-24 17:45:48.408382,46.52679862203801,178.2268519955566,27.4644,51.0743,1009.2834,"12.491044044494629,-12.400043487548828,23.695199966430664","0.01634800061583519,-0.004879999905824661,-0.008051999844610691","291.2258212093336,213.53226230608766,235.77443182877568",/home/pi/msl/weeagles/photo_066.jpg,day,Yes
67,2022-04-24 17:46:37.373674,47.834827649461026,-177.74764855756698,27.1745,50.9149,1009.2639,"11.791521072387695,-11.968524932861328,24.43556022644043","0.01512799970805645,-0.003415999934077263,-0.008051999844610691","293.8565368700557,216.29816107086268,240.44619925879437",/home/pi/msl/weeagles/photo_067.jpg,day,Yes
68,2022-04-24 17:47:25.914233,48.97946294253311,-173.51791917959304,27.2236,51.0375,1009.2646,"11.180951118469238,-11.964265823364258,25.410066604614258","0.015615999698638916,-0.005123999901115894,-0.006831999868154526","295.94656792589046,222.4914897422851,237.26890453993116",/home/pi/msl/weeagles/photo_068.jpg,day,Yes
69,2022-04-24 17:48:14.363032,49.93871117195849,-169.1359419446097,27.2046,50.8138,1009.2605,"10.66004753112793,-11.618633270263672,26.662797927856445","0.015371999703347683,-0.004879999905824661,-0.007807999849319458","291.7295340002437,225.3787199874762,236.59136343464422",/home/pi/msl/weeagles/photo_069.jpg,day,Yes
70,2022-04-24 17:49:03.171799,50.70894833586181,-164.5947406808179,27.5042,50.9149,1009.2859,"10.01416301727295,-11.362322807312012,27.65889549255371","0.015859998762607574,-0.004635999910533428,-0.008051999844610691","291.1711387148385,226.527503164359,244.49934279530666",/home/pi/msl/weeagles/photo_070.jpg,day,Yes
71,2022-04-24 17:49:51.559647,51.284003099912674,-159.8814698808784,27.4466,50.7494,1009.2026,"9.573354721069336,-11.272065162658691,28.852497100830078","0.017324000597000122,-0.0056119998916983604,-0.007563999854028225","294.01736050425285,226.27537356133715,250.94845522095687",/home/pi/msl/weeagles/photo_071.jpg,day,Yes
72,2022-04-24 17:50:39.856139,51.64568877361328,-155.1155754800785,27.1234,50.967,1009.2102,"8.740692138671875,-11.506600379943848,29.459821701049805","0.01439599972218275,-0.004391999915242195,-0.006831999868154526","298.54322143322173,220.21400414467936,262.4481168774272",/home/pi/msl/weeagles/photo_072.jpg,day,Yes
73,2022-04-24 17:51:28.645838,51.794899935834366,-150.28410898999783,27.0669,51.0436,1009.2134,"7.991539478302002,-11.52959156036377,30.313907623291016","0.014883999712765217,-0.00634399987757206,-0.009271999821066856","302.8040232110699,215.67884049806094,266.78880454780784",/home/pi/msl/weeagles/photo_073.jpg,day,Yes
74,2022-04-24 17:52:17.327481,51.727282881565436,-145.41861108660925,27.2174,50.9977,1009.2219,"7.346917152404785,-11.373046875,31.135086059570312","0.01781199872493744,-0.0056119998916983604,-0.007319999858736992","299.8326723560609,220.50956009044415,267.8837999849768",/home/pi/msl/weeagles/photo_074.jpg,day,Yes
75,2022-04-24 17:53:05.390738,51.443414279168074,-140.60130342944896,27.3784,51.0038,1009.2239,"6.591454982757568,-11.05429744720459,31.954505920410156","0.016835998743772507,-0.005367999896407127,-0.008539999835193157","300.32758103313085,224.40987131408824,263.91717445468106",/home/pi/msl/weeagles/photo_075.jpg,day,Yes
76,2022-04-24 17:53:53.885017,50.94943466649133,-135.87857320073243,26.9436,51.0743,1009.189,"5.979018688201904,-10.831066131591797,32.67680740356445","0.015371999703347683,-0.007075999863445759,-0.008051999844610691","300.57589939059585,221.1420902491007,270.14481116630446",/home/pi/msl/weeagles/photo_076.jpg,day,Yes
77,2022-04-24 17:54:42.217460,50.254685338384554,-131.28985883805024,27.2906,50.9609,1009.2344,"5.160298824310303,-10.786657333374023,32.861690521240234","0.01756799966096878,-0.006587999872863293,-0.007563999854028225","296.18263292398444,225.44883870949556,267.5260005253057",/home/pi/msl/weeagles/photo_077.jpg,day,Yes
78,2022-04-24 17:55:30.426219,49.371052628505325,-126.86677986980976,27.4895,50.9854,1009.2593,"4.505573749542236,-10.533207893371582,33.39056396484375","0.016103999689221382,-0.003903999924659729,-0.008051999844610691","294.51995997432823,232.97800211841073,264.7204456822096",/home/pi/msl/weeagles/photo_078.jpg,day,Yes
79,2022-04-24 17:56:19.194720,48.30585824629815,-122.60926545210538,27.1881,51.528,1009.1821,"3.841282606124878,-10.497106552124023,33.90191650390625","0.01781199872493744,-0.00634399987757206,-0.00634399987757206","292.6815189365709,237.37388454747426,261.82934954994823",/home/pi/msl/weeagles/photo_079.jpg,day,Yes
80,2022-04-24 17:57:07.301661,47.07395180707491,-118.54333721390898,27.2705,50.7371,1009.2285,"2.8493292331695557,-10.306790351867676,34.309539794921875","0.018300000578165054,-0.006831999868154526,-0.008539999835193157","293.1500494230663,230.87816974111703,262.9093185709431",/home/pi/msl/weeagles/photo_080.jpg,day,Yes
81,2022-04-24 17:57:55.850599,45.68766984583352,-114.67390189965025,27.4041,51.0651,1009.2546,"1.9301952123641968,-10.109521865844727,34.508995056152344","0.014883999712765217,-0.0056119998916983604,-0.00878399983048439","294.2794963344088,236.78730790155356,260.37876080421006",/home/pi/msl/weeagles/photo_081.jpg,day,Yes
82,2022-04-24 17:58:44.317717,44.163441333095925,-111.01023673238102,27.2852,50.6605,1009.2512,"0.9866282939910889,-10.25442886352539,34.38728332519531","0.017324000597000122,-0.0056119998916983604,-0.007319999858736992","294.98872951744454,235.07003441967225,267.6338218915435",/home/pi/msl/weeagles/photo_082.jpg,day,Yes
83,2022-04-24 17:59:32.662143,42.518384128258916,-107.55496386249202,27.423,50.9486,1009.2136,"-0.22503991425037384,-10.78842830657959,34.352989196777344","0.016103999689221382,-0.004879999905824661,-0.007319999858736992","295.19142221125384,244.2152342465908,261.59353726885354",/home/pi/msl/weeagles/photo_083.jpg,day,Yes
84,2022-04-24 18:00:21.013597,40.76705794455621,-104.3006850645817,27.4391,50.6176,1009.2302,"-1.320081353187561,-10.619586944580078,33.90596389770508","0.01659199967980385,-0.004635999910533428,-0.008051999844610691","294.6787687027202,243.63768711075286,265.8073405150229",/home/pi/msl/weeagles/photo_084.jpg,day,Yes
85,2022-04-24 18:01:09.340626,38.914418231431384,-101.22331885235354,27.3218,50.7034,1009.2192,"-2.290733575820923,-10.642929077148438,33.6818962097168","0.014883999712765217,-0.003903999924659729,-0.008051999844610691","296.5714346122983,235.7731750739684,262.9034992497703",/home/pi/msl/weeagles/photo_085.jpg,day,Yes
86,2022-04-24 18:01:57.790817,36.97297567392618,-98.31432804499352,27.5051,50.8444,1009.2788,"-3.648188352584839,-10.722021102905273,33.17558670043945","0.01659199967980385,-0.0056119998916983604,-0.008051999844610691","295.7478367417998,231.0149511094357,267.93627632837",/home/pi/msl/weeagles/photo_086.jpg,day,Yes
87,2022-04-24 18:02:46.308483,34.96337158645234,-95.57498234978246,27.5106,50.9456,1009.2239,"-4.905276298522949,-10.745253562927246,32.69355392456055","0.01659199967980385,-0.00634399987757206,-0.008295999839901924","294.8393669406747,225.74384824012674,268.3935711536807",/home/pi/msl/weeagles/photo_087.jpg,day,Yes
88,2022-04-24 18:03:34.558468,32.865898672526285,-92.95445969981131,27.4053,50.8781,1009.241,"-5.96397066116333,-10.70487117767334,32.48039627075195","0.017079999670386314,-0.004879999905824661,-0.006099999882280827","300.55234889833764,224.75366205577166,269.03044531264936",/home/pi/msl/weeagles/photo_088.jpg,day,Yes
89,2022-04-24 18:04:23.088415,30.729403274980875,-90.4902775609173,27.4296,50.7463,1009.2546,"-7.643111228942871,-10.794321060180664,31.676122665405273","0.01756799966096878,-0.006099999882280827,-0.007319999858736992","303.6266546098008,219.86264555339557,273.5257274847041",/home/pi/msl/weeagles/photo_089.jpg,day,Yes
90,2022-04-24 18:05:11.330635,28.51575799125455,-88.11727821199257,27.208,50.6482,1009.2595,"-8.660870552062988,-10.730255126953125,30.3902587890625","0.016103999689221382,-0.004147999919950962,-0.008051999844610691","303.08095664606265,219.88936525342865,277.80923281135335",/home/pi/msl/weeagles/photo_090.jpg,day,Yes
91,2022-04-24 18:05:59.635260,26.26986836743976,-85.86540313669197,27.3203,50.9149,1009.2441,"-9.938779830932617,-10.875349998474121,29.220233917236328","0.016835998743772507,-0.006099999882280827,-0.00634399987757206","301.27529710122684,223.76450039979207,275.2889408189429",/home/pi/msl/weeagles/photo_091.jpg,day,Yes
92,2022-04-24 18:06:48.245797,23.97039336414835,-83.69528362270398,27.3592,50.6819,1009.2227,"-11.081486701965332,-10.63990592956543,28.204431533813477","0.016835998743772507,-0.003903999924659729,-0.008539999835193157","304.1810542345416,222.2051135707648,273.11126477567853",/home/pi/msl/weeagles/photo_092.jpg,day,Yes
93,2022-04-24 18:07:36.475999,21.650180486772175,-81.62173856983532,27.3507,50.7065,1009.1838,"-12.272018432617188,-10.823854446411133,26.794231414794922","0.01634800061583519,-0.004391999915242195,-0.008295999839901924","303.841132795023,215.37133172124862,275.29103768701805",/home/pi/msl/weeagles/photo_093.jpg,day,Yes
94,2022-04-24 18:08:24.929378,19.293387076949035,-79.61528350687658,27.2648,50.7831,1009.2039,"-13.339442253112793,-10.953876495361328,25.68320083618164","0.018055999651551247,-0.006587999872863293,-0.007075999863445759","299.14360189145503,219.44793012737074,272.4974834862937",/home/pi/msl/weeagles/photo_094.jpg,day,Yes
95,2022-04-24 18:09:13.595802,16.912229210037257,-77.67312578540813,27.4893,50.6758,1009.1631,"-14.36389446258545,-10.812326431274414,23.886720657348633","0.018055999651551247,-0.007075999863445759,-0.00634399987757206","301.17194950889535,215.631999060733,271.28566449356083",/home/pi/msl/weeagles/photo_095.jpg,day,Yes
96,2022-04-24 18:10:02.240371,14.499098440279427,-75.77694077940824,27.3082,50.8843,1009.2122,"-15.231632232666016,-10.674276351928711,22.283517837524414","0.01756799966096878,-0.00634399987757206,-0.007807999849319458","301.9711226229219,210.47403144483613,275.62534129594434",/home/pi/msl/weeagles/photo_096.jpg,day,Yes
97,2022-04-24 18:10:50.525021,12.058502912692994,-73.91931740628655,27.3976,51.0866,1009.2063,"-15.819183349609375,-10.628307342529297,20.31719970703125","0.013175999745726585,-0.004879999905824661,-0.007319999858736992","300.86749382664203,207.3932882800802,280.8301503491691",/home/pi/msl/weeagles/photo_097.jpg,day,Yes
98,2022-04-24 18:11:38.982905,9.633678762836507,-72.12152193775869,27.5095,50.6329,1009.2632,"-16.302839279174805,-10.348043441772461,18.31096649169922","0.01634800061583519,-0.007319999858736992,-0.009759999811649323","302.67672897550835,210.55761929989873,274.7354769301184",/home/pi/msl/weeagles/photo_098.jpg,day,Yes
99,2022-04-24 18:12:27.142196,7.179143336014881,-70.33914401675106,27.1941,50.544,1009.2446,"-16.912179946899414,-10.391932487487793,16.446168899536133","0.01634800061583519,-0.00634399987757206,-0.007807999849319458","302.60068164928947,205.12985921178637,277.1155383086794",/home/pi/msl/weeagles/photo_099.jpg,day,Yes
100,2022-04-24 18:13:15.997566,4.719341567274017,-68.58041591443404,27.6958,50.7095,1009.2253,"-17.481718063354492,-10.437931060791016,14.547454833984375","0.01659199967980385,-0.005123999901115894,-0.0058559998869895935","308.1296890465635,203.87548131033518,274.4701172506742",/home/pi/msl/weeagles/photo_100.jpg,day,Yes
101,2022-04-24 18:14:04.250604,2.2405158644629766,-66.82603463132011,27.479,50.6758,1009.229,"-18.094669342041016,-10.350772857666016,12.79529857635498","0.017324000597000122,-0.00634399987757206,-0.008051999844610691","307.4971930388528,197.14999894029873,278.27227865594523",/home/pi/msl/weeagles/photo_101.jpg,day,Yes
102,2022-04-24 18:14:52.558145,-0.22094521797066632,-65.09236481263758,27.4944,50.8321,1009.1919,"-18.596721649169922,-10.252777099609375,10.986363410949707","0.014639999717473984,-0.005367999896407127,-0.010491999797523022","306.52186934613167,198.85075702476692,271.4668011103496",/home/pi/msl/weeagles/photo_102.jpg,day,Yes
103,2022-04-24 18:15:40.852344,-2.6833831630370515,-63.35721150340304,27.5112,50.6053,1009.2197,"-18.595415115356445,-10.156935691833496,9.46752643585205","0.015371999703347683,-0.004635999910533428,-0.00951599981635809","303.8639080608104,200.5505179016163,269.3710053748554",/home/pi/msl/weeagles/photo_103.jpg,day,Yes
104,2022-04-24 18:16:29.214496,-5.141772574962741,-61.61495277064791,27.514,50.5808,1009.2854,"-19.020341873168945,-10.0447416305542,6.849742889404297","0.01756799966096878,-0.00634399987757206,-0.008295999839901924","300.79975201045386,201.43933041831005,269.0791582218099",/home/pi/msl/weeagles/photo_104.jpg,day,Yes
105,2022-04-24 18:17:17.713304,-7.602327091994741,-59.85180192017296,27.5448,50.498,1009.3193,"-19.129993438720703,-9.861202239990234,4.818276882171631","0.017079999670386314,-0.005123999901115894,-0.008051999844610691","301.2994759708887,215.52233354341925,259.3862728461047",/home/pi/msl/weeagles/photo_105.jpg,day,Yes
106,2022-04-24 18:18:06.236016,-10.053195610628881,-58.06656749186921,27.2175,50.7341,1009.323,"-18.979087829589844,-9.81676959991455,2.931021213531494","0.018300000578165054,-0.004635999910533428,-0.00878399983048439","302.2198371313587,202.79224062872782,264.2367863267026",/home/pi/msl/weeagles/photo_106.jpg,day,Yes
107,2022-04-24 18:18:55.220050,-12.498238698823336,-56.24633042708738,27.5756,50.5808,1009.3679,"-18.87296485900879,-9.376320838928223,0.8528224229812622","0.01781199872493744,-0.0058559998869895935,-0.00878399983048439","297.469406412669,198.50064152791205,264.99899445694103",/home/pi/msl/weeagles/photo_107.jpg,day,Yes
108,2022-04-24 18:19:43.747522,-14.939452935952577,-54.37856195269751,27.1766,50.7892,1009.3796,"-19.33637046813965,-9.083704948425293,-0.7081593871116638","0.018055999651551247,-0.005123999901115894,-0.007075999863445759","293.3819684963341,198.12209878373162,266.7428783558287",/home/pi/msl/weeagles/photo_108.jpg,day,Yes
109,2022-04-24 18:20:32.351482,-17.35006992966863,-52.47255179844683,27.3997,50.9394,1009.3765,"-18.7755069732666,-8.893600463867188,-2.8365297317504883","0.01781199872493744,-0.004391999915242195,-0.007807999849319458","294.1503306270147,191.99789162670973,267.8806717583369",/home/pi/msl/weeagles/photo_109.jpg,day,Yes
110,2022-04-24 18:21:20.608205,-19.7156807553705,-50.529281084045614,27.572,50.9456,1009.3967,"-18.40210723876953,-8.790999412536621,-4.256026744842529","0.014639999717473984,-0.003659999929368496,-0.009027999825775623","294.51836171006244,191.63298194011261,267.7787789962987",/home/pi/msl/weeagles/photo_110.jpg,day,Yes
111,2022-04-24 18:22:08.963725,-22.057363515926728,-48.519831071530625,27.4053,50.6789,1009.3955,"-18.037424087524414,-8.562080383300781,-5.622100353240967","0.015859998762607574,-0.004879999905824661,-0.007807999849319458","296.59582521782437,195.29961873187221,257.09249041713935",/home/pi/msl/weeagles/photo_111.jpg,day,Yes
112,2022-04-24 18:22:57.420148,-24.374892812599395,-46.430256604388376,27.453,50.7095,1009.3879,"-17.550464630126953,-8.222366333007812,-6.618231773376465","0.018055999651551247,-0.006099999882280827,-0.010247999802231789","298.82207073627666,187.5338848908645,259.3454488054355",/home/pi/msl/weeagles/photo_112.jpg,day,Yes
113,2022-04-24 18:23:45.730419,-26.64835912017583,-44.263825556321535,27.4046,50.354,1009.3591,"-17.098102569580078,-8.228785514831543,-7.46193790435791","0.01634800061583519,-0.004635999910533428,-0.00878399983048439","302.6364650103512,186.5123617985974,260.7033177331908",/home/pi/msl/weeagles/photo_113.jpg,day,Yes
114,2022-04-24 18:24:34.091476,-28.884045542719416,-41.99872879597896,27.4524,50.7586,1009.3997,"-16.331233978271484,-8.13170051574707,-8.399110794067383","0.018300000578165054,-0.006831999868154526,-0.007807999849319458","301.7391762288974,190.6821376453768,253.31745169306245",/home/pi/msl/weeagles/photo_114.jpg,day,Yes
115,2022-04-24 18:25:22.455838,-31.06581665511277,-39.63396347055309,27.6685,50.6298,1009.4414,"-15.776019096374512,-8.205604553222656,-9.707642555236816","0.01878799870610237,-0.006099999882280827,-0.004391999915242195","302.6348735762745,186.06427406828786,251.6241248544112",/home/pi/msl/weeagles/photo_115.jpg,day,Yes
116,2022-04-24 18:26:10.823570,-33.19718923507975,-37.14664020401299,27.558,50.6666,1009.3914,"-15.316847801208496,-8.149141311645508,-11.155840873718262","0.01634800061583519,-0.005367999896407127,-0.008539999835193157","302.57818300616344,187.27711075920703,243.3643975816823",/home/pi/msl/weeagles/photo_116.jpg,day,Yes
117,2022-04-24 18:26:59.320927,-35.272470224639,-34.52081096375627,27.431,50.495,1009.3848,"-14.981019020080566,-7.982404708862305,-11.890851974487305","0.015859998762607574,-0.003659999929368496,-0.007319999858736992","302.6982987129073,185.1736174005182,243.2258267038011",/home/pi/msl/weeagles/photo_117.jpg,day,Yes
118,2022-04-24 18:27:47.724833,-37.27345928721218,-31.7558580579155,27.3435,50.6421,1009.4209,"-14.622153282165527,-8.051012992858887,-12.61812686920166","0.01512799970805645,-0.006099999882280827,-0.007075999863445759","305.1097311503261,188.4082037461395,233.1690151887393",/home/pi/msl/weeagles/photo_118.jpg,day,Yes
119,2022-04-24 18:28:36.209192,-39.198478865270154,-28.828535018237755,27.6804,50.6452,1009.4053,"-14.197598457336426,-8.41679859161377,-13.275227546691895","0.017324000597000122,-0.006587999872863293,-0.008051999844610691","300.5658726728943,193.23011239449337,230.15825414221933",/home/pi/msl/weeagles/photo_119.jpg,day,Yes
120,2022-04-24 18:29:24.795947,-41.02282686401597,-25.7506284478528,27.451,50.7678,1009.4282,"-13.482921600341797,-8.71158504486084,-14.481207847595215","0.015859998762607574,-0.0056119998916983604,-0.00878399983048439","298.3685051942528,197.49038824777548,225.7642705057451",/home/pi/msl/weeagles/photo_120.jpg,day,Yes
121,2022-04-24 18:30:13.054739,-42.76569319943482,-22.457299807180693,27.6804,50.5348,1009.4058,"-13.040156364440918,-8.771354675292969,-15.084649085998535","0.015859998762607574,-0.005123999901115894,-0.007563999854028225","300.91553054707475,197.86029763284503,222.96364705922974",/home/pi/msl/weeagles/photo_121.jpg,day,Yes
122,2022-04-24 18:31:01.522055,-44.3911658619179,-18.979258892737075,27.5608,50.7371,1009.4556,"-12.60131549835205,-8.781797409057617,-15.358214378356934","0.014883999712765217,-0.004147999919950962,-0.009271999821066856","306.2970912356411,197.22839585159213,217.64985550760818",/home/pi/msl/weeagles/photo_122.jpg,day,Yes
123,2022-04-24 18:31:49.706373,-45.87916907977188,-15.332199552882468,27.5667,50.6206,1009.4475,"-12.114023208618164,-9.040863037109375,-15.618573188781738","0.015859998762607574,-0.0056119998916983604,-0.006831999868154526","306.9107598269047,201.27196346288807,214.71872080643223",/home/pi/msl/weeagles/photo_123.jpg,twilight,Yes
124,2022-04-24 18:32:37.490779,-47.221503006428776,-11.512418137792839,27.7762,50.6942,1009.4016,"-11.779616355895996,-9.349496841430664,-15.7593412399292","0.016835998743772507,-0.006587999872863293,-0.007319999858736992","304.76141199322296,201.7024839466523,208.76737207692503",/home/pi/msl/weeagles/photo_124.jpg,twilight,Yes
125,2022-04-24 18:33:25.332799,-48.41486131049893,-7.49997944501457,27.7728,50.7095,1009.4236,"-11.401902198791504,-9.628010749816895,-16.437475204467773","0.01634800061583519,-0.007075999863445759,-0.009759999811649323","307.7660326996791,203.45593011037798,206.40199560507958",/home/pi/msl/weeagles/photo_125.jpg,twilight,Yes
126,2022-04-24 18:34:13.209967,-49.44817154017555,-3.294858292670237,27.6581,50.4122,1009.4194,"-11.239080429077148,-9.767333030700684,-16.63249397277832","0.018300000578165054,-0.007319999858736992,-0.008051999844610691","311.145111697192,199.0225226220144,211.1827182127383",/home/pi/msl/weeagles/photo_126.jpg,twilight,Yes
127,2022-04-24 18:35:00.916375,-50.307495065649945,1.0854123367721513,27.4641,50.59,1009.4187,"-11.134641647338867,-10.061732292175293,-16.7059383392334","0.01903199963271618,-0.007075999863445759,-0.008051999844610691","312.73689411345265,194.74433801272852,206.98894108121544",/home/pi/msl/weeagles/photo_127.jpg,night,Yes
128,2022-04-24 18:35:51.448674,-51.01095172097497,5.860747785214519,27.6853,50.5685,1009.4202,"-10.662121772766113,-10.533539772033691,-17.183780670166016","0.015615999698638916,-0.004391999915242195,-0.008051999844610691","310.9651976842647,203.54253690905372,202.9501136212035",/home/pi/msl/weeagles/photo_128.jpg,twilight,Yes
129,2022-04-24 18:36:39.498070,-51.47629052887742,10.50650491137479,27.485,50.5655,1009.4441,"-10.617887496948242,-10.636420249938965,-17.65673065185547","0.016835998743772507,-0.004147999919950962,-0.00878399983048439","303.14699091495834,203.1643083535751,203.98155414814548",/home/pi/msl/weeagles/photo_129.jpg,night,No
130,2022-04-24 18:37:30.560964,-51.74859814444386,15.556769064196846,27.4858,50.5777,1009.4563,"-10.580828666687012,-10.965910911560059,-18.018796920776367","0.015859998762607574,-0.004391999915242195,-0.007563999854028225","303.43993089827103,207.7027641513735,198.11593795310026",/home/pi/msl/weeagles/photo_130.jpg,night,No
131,2022-04-24 18:38:21.268867,-51.7835541271181,20.638240254998227,27.8256,50.7371,1009.4893,"-10.573265075683594,-11.429987907409668,-18.701004028320312","0.015859998762607574,-0.00634399987757206,-0.007075999863445759","301.6698839597676,215.14779329009244,196.93212956615366",/home/pi/msl/weeagles/photo_131.jpg,night,No
132,2022-04-24 18:39:12.084778,-51.5845439885594,25.641931505828655,27.3474,50.7984,1009.4587,"-10.915514945983887,-11.828826904296875,-19.075864791870117","0.01659199967980385,-0.005367999896407127,-0.008295999839901924","299.0666803010223,217.70083603957318,190.2666845589216",/home/pi/msl/weeagles/photo_132.jpg,night,No
133,2022-04-24 18:40:02.523713,-51.153415278317055,30.606471026771104,27.4681,50.5501,1009.4482,"-10.979729652404785,-12.351492881774902,-19.320554733276367","0.016835998743772507,-0.005367999896407127,-0.00878399983048439","299.36645047350504,225.6190606839906,183.3813894226852",/home/pi/msl/weeagles/photo_133.jpg,night,No
134,2022-04-24 18:40:53.318126,-50.498614120409606,35.44978824040773,27.6271,50.7586,1009.457,"-11.044038772583008,-12.682191848754883,-19.774818420410156","0.01781199872493744,-0.006831999868154526,-0.008295999839901924","301.56060093304745,233.7983214981076,177.99369158177845",/home/pi/msl/weeagles/photo_134.jpg,night,No
135,2022-04-24 18:41:44.070219,-49.63729489451156,40.104152658294595,27.6798,50.6605,1009.4761,"-10.947921752929688,-13.082365989685059,-20.30750274658203","0.016835998743772507,-0.0058559998869895935,-0.006099999882280827","299.35002386855115,234.04541042152198,175.75385398687783",/home/pi/msl/weeagles/photo_135.jpg,night,No
136,2022-04-24 18:42:34.514114,-48.57147136804668,44.6009884599417,27.1157,50.8138,1009.5447,"-10.90963363647461,-13.668084144592285,-21.047771453857422","0.01781199872493744,-0.007319999858736992,-0.008295999839901924","302.20058965827764,232.61930790395834,178.5655013587136",/home/pi/msl/weeagles/photo_136.jpg,night,No
137,2022-04-24 18:43:25.302040,-47.32965633140894,48.86248033413643,27.4308,50.6973,1009.5159,"-10.816716194152832,-14.31248664855957,-22.17181968688965","0.01781199872493744,-0.006587999872863293,-0.008295999839901924","303.26307339499726,225.61579585356733,179.3728297186091",/home/pi/msl/weeagles/photo_137.jpg,night,No
138,2022-04-24 18:44:16.116372,-45.90077237736818,52.96131621484227,27.5231,50.5195,1009.5579,"-10.619619369506836,-14.644951820373535,-23.125574111938477","0.014639999717473984,-0.005123999901115894,-0.009271999821066856","303.28647362309374,227.81432446436773,167.67827544436162",/home/pi/msl/weeagles/photo_138.jpg,night,No
139,2022-04-24 18:45:06.583133,-44.33940837900943,56.783525493849965,27.4691,50.7708,1009.5464,"-10.124695777893066,-15.164896965026855,-24.27648162841797","0.017324000597000122,-0.006831999868154526,-0.006099999882280827","300.74661313871115,235.29353186969342,164.31726229720343",/home/pi/msl/weeagles/photo_139.jpg,night,No
140,2022-04-24 18:45:57.370058,-42.63224678907249,60.41018682359622,27.3326,50.6574,1009.4675,"-10.00599479675293,-15.570283889770508,-25.744590759277344","0.01659199967980385,-0.006099999882280827,-0.009027999825775623","300.56182237071647,238.1325273189659,164.06281042986376",/home/pi/msl/weeagles/photo_140.jpg,night,No
141,2022-04-24 18:46:48.160864,-40.80117485579832,63.82933982188231,27.2067,50.8229,1009.4639,"-9.449586868286133,-16.23374366760254,-26.830894470214844","0.01878799870610237,-0.006831999868154526,-0.008295999839901924","303.1733315394925,240.1327345570258,156.91733972776322",/home/pi/msl/weeagles/photo_141.jpg,night,No
142,2022-04-24 18:47:38.552226,-38.87615763928905,67.0261881640788,27.6275,50.6329,1009.4702,"-8.883016586303711,-16.340599060058594,-27.572019577026367","0.018055999651551247,-0.007807999849319458,-0.006099999882280827","302.4861188863408,243.9116596587404,158.80524499548977",/home/pi/msl/weeagles/photo_142.jpg,night,No
143,2022-04-24 18:48:29.335254,-36.843759581301086,70.05819117553818,27.3468,50.498,1009.4487,"-8.033717155456543,-16.903392791748047,-28.676055908203125","0.018543999642133713,-0.0058559998869895935,-0.007319999858736992","298.59861426739053,234.13907963579953,165.3455336163705",/home/pi/msl/weeagles/photo_143.jpg,night,No
144,2022-04-24 18:49:19.791272,-34.73913848975542,72.90407237169343,27.4531,50.7126,1009.4746,"-7.023550987243652,-17.214534759521484,-29.771835327148438","0.017079999670386314,-0.004635999910533428,-0.010491999797523022","297.5750147976157,237.63873196273067,160.88380816370804",/home/pi/msl/weeagles/photo_144.jpg,night,No
145,2022-04-24 18:50:10.617276,-32.5442118356806,75.61643307190165,27.3647,50.6237,1009.4399,"-5.694631099700928,-16.965246200561523,-30.692642211914062","0.01512799970805645,-0.004391999915242195,-0.009759999811649323","297.5501324184694,227.1510174733111,168.46089217984004",/home/pi/msl/weeagles/photo_145.jpg,night,No
146,2022-04-24 18:51:01.347141,-30.285103427601648,78.18676230934241,27.5052,50.6636,1009.489,"-4.0800395011901855,-17.39192771911621,-31.026729583740234","0.018543999642133713,-0.006831999868154526,-0.006587999872863293","292.7787330190277,216.2481640861382,172.1052625549054",/home/pi/msl/weeagles/photo_146.jpg,night,No
147,2022-04-24 18:51:52.138034,-27.983087942038715,80.61664863676822,27.2978,50.9946,1009.4927,"-2.716125726699829,-17.63789939880371,-31.754859924316406","0.016835998743772507,-0.006099999882280827,-0.007319999858736992","293.54034009261915,216.64497075615924,173.99477974727606",/home/pi/msl/weeagles/photo_147.jpg,night,No
148,2022-04-24 18:52:43.195896,-25.603162989435432,82.96316482316809,27.3056,50.731,1009.5017,"-0.7553563714027405,-18.092504501342773,-31.959089279174805","0.015859998762607574,-0.0056119998916983604,-0.008539999835193157","291.71973950897393,212.28119021619477,178.34895704126748",/home/pi/msl/weeagles/photo_148.jpg,night,No
149,2022-04-24 18:53:34.338952,-23.17424961393087,85.21433406061585,27.4386,50.544,1009.4878,"1.212461233139038,-18.302270889282227,-32.19622802734375","0.01756799966096878,-0.00634399987757206,-0.008539999835193157","292.0172420586522,206.45737477887005,183.44809305011955",/home/pi/msl/weeagles/photo_149.jpg,night,No
150,2022-04-24 18:54:24.780540,-20.724664659602542,87.36293897470162,27.5613,50.7708,1009.4897,"3.203187942504883,-18.47287368774414,-31.727149963378906","0.01903199963271618,-0.006099999882280827,-0.008051999844610691","291.8786506902035,212.08088808859497,174.5558114857009",/home/pi/msl/weeagles/photo_150.jpg,night,No
151,2022-04-24 18:55:15.220004,-18.259695371251336,89.42294067592609,27.0848,50.6973,1009.4548,"5.087835311889648,-18.512624740600586,-31.18701171875","0.017079999670386314,-0.005123999901115894,-0.00951599981635809","294.461698460708,207.35371416402916,177.93301218119205",/home/pi/msl/weeagles/photo_151.jpg,night,No
152,2022-04-24 18:56:05.991738,-15.767092755704338,91.4202584928063,27.4838,50.8168,1009.4404,"7.143438339233398,-18.353113174438477,-30.436269760131836","0.015859998762607574,-0.00634399987757206,-0.012199999764561653","295.6256992990616,205.9100307395419,179.74355872637904",/home/pi/msl/weeagles/photo_152.jpg,night,No
153,2022-04-24 18:56:56.731794,-13.236069320836352,93.37642601749444,27.2403,50.7187,1009.4385,"9.186225891113281,-18.37487030029297,-29.217493057250977","0.015859998762607574,-0.005367999896407127,-0.006099999882280827","294.5817185448035,202.24129024951793,189.5448155259213",/home/pi/msl/weeagles/photo_153.jpg,night,No
154,2022-04-24 18:57:47.108744,-10.68656307625145,95.28823765507238,27.3719,50.8659,1009.436,"11.344934463500977,-18.52240753173828,-27.98922348022461","0.01878799870610237,-0.007319999858736992,-0.009027999825775623","289.861265526381,212.61084246629628,184.63597222981147",/home/pi/msl/weeagles/photo_154.jpg,night,No
155,2022-04-24 18:58:37.560149,-8.138620102541653,97.15321193827606,27.2968,50.8781,1009.4805,"13.301715850830078,-18.251136779785156,-25.909019470214844","0.014883999712765217,-0.006587999872863293,-0.00634399987757206","289.1206339637306,217.2407544970811,184.6961188756426",/home/pi/msl/weeagles/photo_155.jpg,night,No
156,2022-04-24 18:59:28.309451,-5.561388340589771,99.00536922406857,27.5642,50.8597,1009.4683,"15.061124801635742,-18.37175178527832,-23.64267921447754","0.019276000559329987,-0.006099999882280827,-0.009759999811649323","289.11237626502407,227.5349697273142,179.5645121474763",/home/pi/msl/weeagles/photo_156.jpg,night,No
157,2022-04-24 19:00:19.083049,-2.9769696386108087,100.8395580667126,27.4748,50.7892,1009.5059,"16.55955696105957,-18.159515380859375,-21.171972274780273","0.018543999642133713,-0.006587999872863293,-0.010979999788105488","291.02034862853213,227.49398859229413,180.87486026145226",/home/pi/msl/weeagles/photo_157.jpg,night,No
158,2022-04-24 19:01:09.447374,-0.4043758346883937,102.65319892068717,27.0983,50.9149,1009.469,"18.025062561035156,-17.756776809692383,-18.61326789855957","0.014151999726891518,-0.006099999882280827,-0.00317199993878603","298.240357185045,233.12556152523968,170.7474346082852",/home/pi/msl/weeagles/photo_158.jpg,night,No
159,2022-04-24 19:01:59.927917,2.1673024221313226,104.46458262565552,27.3902,50.6421,1009.4863,"19.29960060119629,-17.785072326660156,-15.865372657775879","0.01659199967980385,-0.003415999934077263,-0.00878399983048439","299.6932135535876,239.33067910316953,167.34399232600288",/home/pi/msl/weeagles/photo_159.jpg,night,No
160,2022-04-24 19:02:50.753839,4.7569864132249124,106.29760517873098,27.2039,50.9026,1009.4966,"20.102190017700195,-17.524335861206055,-13.09888744354248","0.013175999745726585,-0.006587999872863293,-0.005123999901115894","297.9913011671497,236.6177006440838,172.5117680935479",/home/pi/msl/weeagles/photo_160.jpg,night,No
161,2022-04-24 19:03:41.570281,7.3254372610671625,108.1351814458726,27.4306,50.6482,1009.4326,"21.007505416870117,-17.325702667236328,-10.114338874816895","0.014883999712765217,-0.005367999896407127,-0.008539999835193157","296.42376592244256,225.01855045216308,183.85066439980008",/home/pi/msl/weeagles/photo_161.jpg,night,No
162,2022-04-24 19:04:32.388007,9.91789398465747,110.02105048155411,27.0872,50.9057,1009.4214,"21.707509994506836,-17.348018646240234,-6.875760555267334","0.016835998743772507,-0.0056119998916983604,-0.008051999844610691","301.6811742624657,227.23185959232737,184.86893632202228",/home/pi/msl/weeagles/photo_162.jpg,night,No
163,2022-04-24 19:05:22.848511,12.46176175811484,111.9137575588986,27.1844,50.731,1009.4392,"22.157398223876953,-17.169681549072266,-3.5211682319641113","0.01878799870610237,-0.006587999872863293,-0.011467999778687954","299.1163699272342,234.46098645138224,189.57910307555477",/home/pi/msl/weeagles/photo_163.jpg,night,No
164,2022-04-24 19:06:13.656102,14.98817219601319,113.84742980441162,27.4377,50.8444,1009.4695,"22.244739532470703,-17.06548500061035,-0.7126474976539612","0.02000799961388111,-0.006587999872863293,-0.010491999797523022","299.6791638544649,230.6193875338436,206.41945356859813",/home/pi/msl/weeagles/photo_164.jpg,night,No
165,2022-04-24 19:07:04.414011,17.509673623390462,115.84483935169277,27.3521,50.8934,1009.4585,"22.21096420288086,-16.520912170410156,2.0846877098083496","0.019519999623298645,-0.005367999896407127,-0.011223999783396721","297.9184298788948,232.71476662779844,210.8128224880471",/home/pi/msl/weeagles/photo_165.jpg,night,No
166,2022-04-24 19:07:55.228637,20.02249873315304,117.91815603390367,27.3118,50.8536,1009.3962,"21.911130905151367,-16.61489486694336,5.000207424163818","0.016103999689221382,-0.0056119998916983604,-0.006831999868154526","298.847233153179,237.35238311196707,213.40642290081936",/home/pi/msl/weeagles/photo_166.jpg,night,No
167,2022-04-24 19:08:45.949753,22.4847519538936,120.04746609972817,27.3984,50.9578,1009.4023,"21.445981979370117,-16.495079040527344,7.75575065612793","0.01634800061583519,-0.004635999910533428,-0.009271999821066856","298.66411578153094,239.0933300295116,216.04358626011796",/home/pi/msl/weeagles/photo_167.jpg,night,No
168,2022-04-24 19:09:36.455179,24.899110484103378,122.2490309716238,27.4259,50.7402,1009.3906,"20.907114028930664,-16.483991622924805,10.656342506408691","0.019276000559329987,-0.00634399987757206,-0.0058559998869895935","297.3357259502335,227.26833280249525,228.62031410718592",/home/pi/msl/weeagles/photo_168.jpg,night,No
169,2022-04-24 19:10:26.913644,27.27409767737629,124.54715319723923,27.2332,50.8138,1009.4102,"20.201526641845703,-16.581281661987305,13.362133026123047","0.01781199872493744,-0.007075999863445759,-0.006587999872863293","300.09594199761904,215.75568012622358,239.22773449199912",/home/pi/msl/weeagles/photo_169.jpg,night,No
170,2022-04-24 19:11:17.739692,29.599966068369255,126.95135755540193,27.2073,50.9762,1009.3982,"19.569332122802734,-16.52910041809082,15.611631393432617","0.018055999651551247,-0.0056119998916983604,-0.007319999858736992","298.9115052332688,216.27275276715022,242.89520456683746",/home/pi/msl/weeagles/photo_170.jpg,night,No
171,2022-04-24 19:12:08.158704,31.886142583764144,129.49392501385395,27.2628,50.8138,1009.3994,"18.836957931518555,-16.153553009033203,17.848459243774414","0.018055999651551247,-0.00634399987757206,-0.008051999844610691","299.0736607543541,222.07509408972444,242.2809656547782",/home/pi/msl/weeagles/photo_171.jpg,night,Yes
172,2022-04-24 19:12:59.474694,34.108854244342425,132.17368516981503,27.274,50.9731,1009.4116,"18.107091903686523,-15.930931091308594,19.767780303955078","0.01659199967980385,-0.004879999905824661,-0.008539999835193157","300.1659924177467,223.0677254818024,241.20777901162913",/home/pi/msl/weeagles/photo_172.jpg,twilight,Yes
173,2022-04-24 19:13:47.289974,36.14911039894886,134.8543007377572,27.2501,50.9088,1009.418,"16.953920364379883,-15.864184379577637,21.308643341064453","0.01659199967980385,-0.0056119998916983604,-0.006587999872863293","306.03092559387494,230.76827199737153,237.85903288422026",/home/pi/msl/weeagles/photo_173.jpg,twilight,Yes
174,2022-04-24 19:14:35.370557,38.101890877138295,137.66397308680462,27.2143,51.0161,1009.4155,"15.863314628601074,-15.849345207214355,22.598859786987305","0.016835998743772507,-0.004391999915242195,-0.005367999896407127","307.3852120874105,237.61079648902532,239.82910532766206",/home/pi/msl/weeagles/photo_174.jpg,night,Yes
175,2022-04-24 19:15:26.186862,40.08858917980367,140.82836131553998,27.6632,50.9578,1009.4062,"14.887384414672852,-15.66313362121582,23.690000534057617","0.015859998762607574,-0.0058559998869895935,-0.00951599981635809","309.91617283530456,235.15207865198246,241.70238033018643",/home/pi/msl/weeagles/photo_175.jpg,night,Yes
176,2022-04-24 19:16:17.020516,41.97050794601758,144.18890786130342,27.2123,50.9486,1009.4192,"14.002674102783203,-15.429844856262207,24.965599060058594","0.016835998743772507,-0.0056119998916983604,-0.008539999835193157","309.5587217152811,234.3492035754258,249.12605829755995",/home/pi/msl/weeagles/photo_176.jpg,night,Yes
177,2022-04-24 19:17:07.670254,43.73391122052068,147.75797107258114,27.4049,51.1203,1009.3679,"13.213350296020508,-15.327847480773926,25.83897590637207","0.015859998762607574,-0.0056119998916983604,-0.007075999863445759","310.5113828403361,225.5765359262181,249.61275708724753",/home/pi/msl/weeagles/photo_177.jpg,day,Yes
178,2022-04-24 19:17:55.951384,45.28678395053179,151.35248358634067,27.1277,50.9731,1009.3032,"12.62353801727295,-14.784712791442871,26.915685653686523","0.015859998762607574,-0.005367999896407127,-0.005123999901115894","313.22791982797946,228.5191453451997,251.73024550354572",/home/pi/msl/weeagles/photo_178.jpg,day,Yes
179,2022-04-24 19:18:44.290301,46.70648539238571,155.15028064275566,27.094,51.0161,1009.3105,"11.62379264831543,-14.62716293334961,27.616533279418945","0.01781199872493744,-0.004879999905824661,-0.0056119998916983604","313.90970589583554,226.81520439257827,257.6956917434998",/home/pi/msl/weeagles/photo_179.jpg,day,Yes
180,2022-04-24 19:19:33.014659,47.98046729833694,159.15638946543388,26.9897,51.1019,1009.3064,"10.705652236938477,-14.145490646362305,28.074758529663086","0.01756799966096878,-0.006099999882280827,-0.010247999802231789","317.67434224180647,222.64197247007883,261.2328213184068",/home/pi/msl/weeagles/photo_180.jpg,day,Yes
181,2022-04-24 19:20:21.165370,49.09582614143709,163.37301112462646,27.3061,50.7279,1009.3086,"9.950459480285645,-13.800704956054688,28.679750442504883","0.013907999731600285,-0.005367999896407127,-0.007319999858736992","314.3748656839755,228.8343312546391,265.85306863151607",/home/pi/msl/weeagles/photo_181.jpg,day,Yes
182,2022-04-24 19:21:09.422635,50.031475497958006,167.75799485764557,26.9706,51.0375,1009.292,"8.902609825134277,-13.593527793884277,29.052108764648438","0.01634800061583519,-0.005123999901115894,-0.008051999844610691","314.06724420904186,225.43691319920472,272.80497860272766",/home/pi/msl/weeagles/photo_182.jpg,day,Yes
183,2022-04-24 19:21:57.505151,50.77588136262414,172.28144148401972,27.1565,50.9578,1009.25,"8.114716529846191,-13.410778999328613,29.396303176879883","0.018055999651551247,-0.006587999872863293,-0.007319999858736992","314.0064008839154,225.73367125826343,274.3236438439233",/home/pi/msl/weeagles/photo_183.jpg,day,Yes
184,2022-04-24 19:22:45.896873,51.32676013015231,176.97053953336533,27.1399,50.9762,1009.2898,"7.138465881347656,-13.397908210754395,29.700138092041016","0.016835998743772507,-0.006831999868154526,-0.008539999835193157","311.6952868499311,223.77466372127705,277.5960762677356",/home/pi/msl/weeagles/photo_184.jpg,day,Yes
185,2022-04-24 19:23:34.916909,51.67042660616177,-178.2220077846497,27.2019,51.0222,1009.2878,"6.551049709320068,-13.26366138458252,29.844161987304688","0.01634800061583519,-0.004879999905824661,-0.008295999839901924","312.257264569556,228.3954642797091,281.61379161302307",/home/pi/msl/weeagles/photo_185.jpg,day,Yes
186,2022-04-24 19:24:23.081568,51.79803168621323,-173.37130352350226,27.1502,50.7831,1009.2791,"5.737702369689941,-13.39501667022705,29.778392791748047","0.017324000597000122,-0.005123999901115894,-0.008539999835193157","310.86902179056176,233.2933109712552,284.4126597009217",/home/pi/msl/weeagles/photo_186.jpg,day,Yes
187,2022-04-24 19:25:11.321677,51.709363374873085,-168.5444674587357,27.295,51.0161,1009.3203,"5.0787787437438965,-13.103898048400879,30.52233123779297","0.016835998743772507,-0.005123999901115894,-0.010247999802231789","308.97391067326083,238.97259960574246,279.04432225858847",/home/pi/msl/weeagles/photo_187.jpg,day,Yes
188,2022-04-24 19:25:59.700976,51.4094750966655,-163.78621610838644,27.5609,50.9517,1009.3062,"4.548853397369385,-12.7859525680542,31.113021850585938","0.01756799966096878,-0.006099999882280827,-0.007807999849319458","303.9495654631915,234.5006015485683,281.7464612074614",/home/pi/msl/weeagles/photo_188.jpg,day,Yes
189,2022-04-24 19:26:48.456807,50.894732073251944,-159.04852905324924,27.3046,50.8689,1009.3132,"4.116214752197266,-12.688957214355469,30.722436904907227","0.01781199872493744,-0.00634399987757206,-0.006831999868154526","302.8973406706052,233.82605206613783,281.71412709193055",/home/pi/msl/weeagles/photo_189.jpg,day,Yes
190,2022-04-24 19:27:37.091639,50.170585296978025,-154.4080973235142,27.4347,50.5348,1009.2363,"3.6819839477539062,-12.601819038391113,30.48690414428711","0.014883999712765217,-0.004391999915242195,-0.007075999863445759","303.5546166046247,235.21615948677552,288.58482611391065",/home/pi/msl/weeagles/photo_190.jpg,day,Yes
191,2022-04-24 19:28:25.675194,49.26134709042775,-149.97543763484714,27.5365,50.7923,1009.2063,"3.347402334213257,-12.375476837158203,30.887834548950195","0.018543999642133713,-0.007807999849319458,-0.007319999858736992","304.6393462674711,235.2986408511926,292.46189420380915",/home/pi/msl/weeagles/photo_191.jpg,day,Yes
192,2022-04-24 19:29:13.981465,48.17779631445472,-145.74150519113934,27.6441,49.3945,1009.2085,"2.6707239151000977,-12.293949127197266,30.51510238647461","0.016103999689221382,-0.004879999905824661,-0.008051999844610691","304.4547125938273,238.24175570417276,291.31177230984906",/home/pi/msl/weeagles/photo_192.jpg,day,Yes
193,2022-04-24 19:30:02.110821,46.937920266475416,-141.7259184848069,27.3703,50.7524,1009.2231,"1.910365343093872,-12.327043533325195,30.703990936279297","0.01512799970805645,-0.006099999882280827,-0.009027999825775623","301.10232256049625,235.67503891597366,283.53168824139516",/home/pi/msl/weeagles/photo_193.jpg,day,Yes
194,2022-04-24 19:30:50.328765,45.544618777072806,-137.89769208381287,27.2292,50.7494,1009.26,"1.2434935569763184,-12.641695022583008,31.29781150817871","0.02000799961388111,-0.00634399987757206,-0.006831999868154526","299.63950094595464,246.49129233466,280.337645898687",/home/pi/msl/weeagles/photo_194.jpg,day,Yes
195,2022-04-24 19:31:38.778519,44.00967913941166,-134.25845110111956,27.4951,51.1019,1009.2239,"0.8552722334861755,-13.322572708129883,31.230310440063477","0.015615999698638916,-0.003659999929368496,-0.008539999835193157","303.03102113304067,245.73064148755236,278.7026420453586",/home/pi/msl/weeagles/photo_195.jpg,day,Yes
196,2022-04-24 19:32:27.010099,42.358587311958786,-130.83240210017286,27.5733,50.8199,1009.2356,"0.0012299884110689163,-13.0204496383667,31.152156829833984","0.01756799966096878,-0.006099999882280827,-0.006587999872863293","301.0335288951759,239.19438950847112,283.21879727551686",/home/pi/msl/weeagles/photo_196.jpg,day,Yes
197,2022-04-24 19:33:15.372822,40.60866229672821,-127.61494048762427,27.288,50.8046,1009.251,"-0.866973340511322,-12.966665267944336,30.85474967956543","0.017324000597000122,-0.006831999868154526,-0.006587999872863293","296.42529588481665,237.15478573927857,284.44439958999476",/home/pi/msl/weeagles/photo_197.jpg,day,Yes
198,2022-04-24 19:34:03.671705,38.73577993524212,-124.5340032494587,27.5763,50.8597,1009.2332,"-1.7844516038894653,-13.037928581237793,30.54998016357422","0.01756799966096878,-0.0056119998916983604,-0.008295999839901924","296.5938376327759,237.59574275209462,288.0077434309363",/home/pi/msl/weeagles/photo_198.jpg,day,Yes
199,2022-04-24 19:34:51.933773,36.79676881038814,-121.6546675708904,27.5348,50.5931,1009.196,"-2.8906521797180176,-13.101676940917969,29.976293563842773","0.015615999698638916,-0.0058559998869895935,-0.008051999844610691","299.28844971318347,245.9573081453484,284.5449741255232",/home/pi/msl/weeagles/photo_199.jpg,day,Yes
200,2022-04-24 19:35:40.499784,34.76443240826612,-118.90747326487318,27.3593,50.5501,1009.2964,"-4.091704845428467,-12.996214866638184,29.408906936645508","0.01756799966096878,-0.0058559998869895935,-0.009271999821066856","304.389234985349,239.05193908314135,287.3052174936654",/home/pi/msl/weeagles/photo_200.jpg,day,Yes
201,2022-04-24 19:36:29.264142,32.66861459808911,-116.30958654863488,27.5985,50.5931,1009.2388,"-5.222030162811279,-12.87685775756836,28.442184448242188","0.017079999670386314,-0.007075999863445759,-0.008295999839901924","307.5344892868157,239.72446682957747,289.0101078425815",/home/pi/msl/weeagles/photo_201.jpg,day,Yes
202,2022-04-24 19:37:18.037579,30.498415835881914,-113.8254084736543,27.6898,50.5011,1009.2329,"-6.1236653327941895,-13.135517120361328,28.032638549804688","0.019276000559329987,-0.005367999896407127,-0.009027999825775623","308.8876931953678,236.58527090590457,289.1768327602215",/home/pi/msl/weeagles/photo_202.jpg,day,Yes
203,2022-04-24 19:38:06.397337,28.27348354405919,-111.45804937453727,27.6503,50.7249,1009.2266,"-7.038774013519287,-13.273548126220703,27.516910552978516","0.018300000578165054,-0.007075999863445759,-0.009271999821066856","312.2418078514643,235.15444189743528,291.4570504334952",/home/pi/msl/weeagles/photo_203.jpg,day,Yes
204,2022-04-24 19:38:55.006907,26.02778505276407,-109.22163545588829,27.5699,50.4306,1009.2271,"-8.024421691894531,-13.353400230407715,26.581945419311523","0.018300000578165054,-0.006587999872863293,-0.009027999825775623","309.9946448786788,238.42492771733416,287.2949927004779",/home/pi/msl/weeagles/photo_204.jpg,day,Yes
205,2022-04-24 19:39:44.101678,23.698979800139572,-107.03782826653499,27.7197,50.4674,1009.2202,"-8.971517562866211,-13.408034324645996,25.674896240234375","0.016103999689221382,-0.006831999868154526,-0.006099999882280827","312.2626945699462,232.5427005022275,288.87165307791616",/home/pi/msl/weeagles/photo_205.jpg,day,Yes
206,2022-04-24 19:40:32.364075,21.357205415051993,-104.95793738932869,27.6578,50.6268,1009.2227,"-9.961991310119629,-13.184770584106445,24.57939338684082","0.013663999736309052,-0.005367999896407127,-0.008539999835193157","309.9829379344414,231.78624339127023,291.06611772616037",/home/pi/msl/weeagles/photo_206.jpg,day,Yes
207,2022-04-24 19:41:20.741940,18.999862063459656,-102.9623033774646,27.7814,50.5747,1009.2205,"-10.900323867797852,-13.32799243927002,23.117778778076172","0.016103999689221382,-0.0056119998916983604,-0.007075999863445759","309.07023000093636,234.53348207923275,289.62502294336855",/home/pi/msl/weeagles/photo_207.jpg,day,Yes
208,2022-04-24 19:42:09.166789,16.611125456424336,-101.02358174200047,27.7683,50.4214,1009.1614,"-11.783434867858887,-13.434707641601562,21.8233642578125","0.014151999726891518,-0.0056119998916983604,-0.00878399983048439","305.93366028499935,228.16213135728313,287.48276143095075",/home/pi/msl/weeagles/photo_208.jpg,day,Yes
209,2022-04-24 19:42:57.590363,14.200905723994834,-99.13771689986713,27.7806,50.495,1009.1353,"-12.61922836303711,-13.290531158447266,20.81038475036621","0.017079999670386314,-0.0056119998916983604,-0.008051999844610691","301.8802811069607,227.22796638450046,287.7315852224143",/home/pi/msl/weeagles/photo_209.jpg,day,Yes
210,2022-04-24 19:43:45.873177,11.782152486102113,-97.30296142447982,27.4969,50.2773,1009.1458,"-13.216094017028809,-13.806447982788086,19.73934555053711","0.01878799870610237,-0.007563999854028225,-0.007807999849319458","301.8842904280035,222.61299880761962,284.8202580698314",/home/pi/msl/weeagles/photo_210.jpg,day,Yes
211,2022-04-24 19:44:34.258086,9.344400118262374,-95.50043283173768,27.6952,50.6298,1009.1838,"-13.740177154541016,-14.165792465209961,17.7104434967041","0.01634800061583519,-0.008051999844610691,-0.008295999839901924","304.9742816688956,219.83677279681956,286.476961434153",/home/pi/msl/weeagles/photo_211.jpg,day,Yes
212,2022-04-24 19:45:23.002682,6.891042724718848,-93.72265097085732,27.7467,50.2712,1009.1899,"-14.00391960144043,-14.032646179199219,16.02798843383789","0.018300000578165054,-0.0058559998869895935,-0.007807999849319458","306.0292009711095,215.4332268955073,287.1342783493075",/home/pi/msl/weeagles/photo_212.jpg,day,Yes
213,2022-04-24 19:46:11.592190,4.425401328539867,-91.96235125442797,27.7642,50.4367,1009.1987,"-14.730257987976074,-14.056188583374023,14.1138334274292","0.01756799966096878,-0.006099999882280827,-0.00878399983048439","305.2011464021776,214.77135424417637,285.068118804622",/home/pi/msl/weeagles/photo_213.jpg,day,Yes
